"","X","Y","Al","Co","Fe","Filler","Mg","Ni","Hard","Lcode","subset"
"25",1325,625,5.2,0.001,38.7,55.9,0.18,0.019,3,"FZ","training"
"54",1300,600,8.1,0.003,3.3,87.383,1.17,0.044,3,"FZ","training"
"78",1275,675,4.8,0.039,41.2,52.837,0.66,0.464,3,"FZ","training"
"102",1275,625,6.4,0.032,28.3,63.511,1.25,0.507,2,"FZ","training"
"125",1275,575,2.6,0.015,34,61.762,1.19,0.433,1,"FZ","training"
"161",1250,700,7.8,0.013,31.4,60.174,0.45,0.163,2,"FZ","training"
"186",1250,650,8,0.012,20.6,70.338,0.93,0.12,3,"FZ","training"
"211",1250,550,3,0.013,22.6,72.021,1.98,0.386,2,"FZ","training"
"235",1225,775,5.8,0.007,24.8,67.106,2.09,0.197,1,"FZ","training"
"260",1225,675,5.5,0.027,40.8,52.909,0.32,0.444,3,"FZ","training"
"287",1225,625,6.8,0.02,41.7,50.567,0.51,0.403,1,"FZ","training"
"308",1225,575,6.8,0.026,28.8,62.169,1.8,0.405,3,"FZ","training"
"323",1225,525,5.5,0.038,27.3,62.44,4.15,0.572,2,"FZ","training"
"346",1200,800,3,0.011,5.7,79.304,11.7,0.285,2,"FZ","training"
"370",1200,750,7.4,0.007,24.8,67.146,0.48,0.167,2,"FZ","training"
"399",1200,700,10.1,0.013,34.2,55.195,0.22,0.272,3,"FZ","training"
"428",1200,650,8.6,0.024,43.6,46.902,0.48,0.394,2,"FZ","training"
"456",1200,600,8.3,0.018,19.1,66.355,5.82,0.407,3,"SA","training"
"474",1200,550,2.8,0.057,15.7,77.906,2.76,0.777,2,"SA","training"
"493",1200,500,6.2,0.013,28.9,63.577,1.14,0.17,2,"FZ","training"
"547",1175,725,7.4,0.01,34.1,57.966,0.3,0.224,3,"FZ","training"
"574",1175,625,6.1,0.028,48,44.832,0.7,0.34,2,"FZ","training"
"602",1175,575,10,0.009,17.7,71.628,0.49,0.173,2,"FZ","training"
"616",1175,475,2.9,0.035,17.1,76.178,3.15,0.637,1,"FZ","training"
"631",1150,750,1.7,0.015,6.7,79.065,12.1,0.42,2,"SM","training"
"657",1150,700,9.7,0.032,30.8,58.926,0.21,0.332,1,"FZ","training"
"685",1150,650,8.8,0.014,29.9,60.871,0.18,0.235,2,"FZ","training"
"716",1150,600,9.1,0.009,12.6,77.659,0.52,0.112,3,"FZ","training"
"737",1150,550,7.2,0.03,38.1,54.102,0.24,0.328,3,"FZ","training"
"768",1150,450,5.6,0.036,38.6,54.702,0.55,0.512,3,"FZ","training"
"794",1125,675,9,0.023,37.5,52.96,0.16,0.357,3,"FZ","training"
"822",1125,625,10.3,0.01,34.8,54.477,0.21,0.203,3,"FZ","training"
"851",1125,575,9.2,0.017,37.9,52.496,0.17,0.217,3,"FZ","training"
"876",1125,525,7.2,0.024,39.6,52.557,0.34,0.279,3,"FZ","training"
"889",1100,750,2.6,0.018,15.2,74.135,7.64,0.407,2,"SM","training"
"908",1100,700,6.4,0.026,39.9,52.645,0.28,0.749,2,"FZ","training"
"936",1100,650,8.6,0.013,38.7,52.236,0.17,0.281,3,"FZ","training"
"962",1100,550,8.3,0.013,27.9,63.375,0.29,0.122,2,"FZ","training"
"986",1100,500,7.8,0.029,38.1,53.477,0.23,0.364,3,"FZ","training"
"991",1075,775,6.8,0.002,3,89.553,0.61,0.035,1,"FZ","training"
"1001",1075,725,0.7,0.026,10.8,71.227,16.4,0.847,1,"SM","training"
"1016",1075,675,9.5,0.032,31.5,58.109,0.3,0.559,3,"FZ","training"
"1045",1075,625,8.7,0.011,39,51.894,0.13,0.265,2,"FZ","training"
"1075",1075,575,6.4,0.029,45,47.993,0.28,0.298,2,"FZ","training"
"1104",1075,525,6.8,0.014,35.3,57.35,0.35,0.186,3,"FZ","training"
"1133",1075,475,7.2,0.042,46.8,45.315,0.27,0.373,3,"FZ","training"
"1142",1050,800,4.61,0.006,9.64,82.353,3.26,0.131,0,"FZ","training"
"1154",1050,750,0.4,0.015,6.3,76.327,16.5,0.458,3,"UM","training"
"1179",1050,650,7.2,0.039,42.4,49.709,0.19,0.462,1,"FZ","training"
"1226",1050,500,3.1,0.032,38.7,55.938,1.08,1.15,2,"FZ","training"
"1257",1025,675,2,0.014,30.5,64.796,1.18,1.51,2,"FZ","training"
"1287",1025,625,10.5,0.012,26.6,62.402,0.35,0.136,2,"FZ","training"
"1317",1025,575,5.1,0.014,40.8,53.616,0.25,0.22,2,"FZ","training"
"1346",1025,525,8.2,0.003,24.4,67.073,0.29,0.034,3,"FZ","training"
"1374",1025,475,8.9,0.024,39.7,50.588,0.42,0.368,2,"FZ","training"
"1403",1000,700,1.1,0.11,15.7,68.6,12.9,1.59,2,"SM","training"
"1431",1000,650,4.2,0.547,24.4,67.953,1.1,1.8,2,"FZ","training"
"1461",1000,550,8.6,0.01,33.3,57.827,0.13,0.133,3,"FZ","training"
"1488",1000,500,10.8,0.005,33.1,55.644,0.36,0.091,2,"FZ","training"
"1496",1000,450,8.7,0.103,4.2,81.413,5.2,0.384,2,"SM","training"
"1522",975,675,0.7,0.033,8.9,72.419,17,0.948,2,"SM","training"
"1550",975,625,8.1,0.028,31.4,59.88,0.24,0.352,3,"FZ","training"
"1580",975,575,8.5,0.003,22.3,69.026,0.13,0.041,3,"FZ","training"
"1607",975,425,5.9,0.004,2.6,86.459,4.99,0.047,1,"SM","training"
"1619",950,750,1.1,0.018,7.1,72.699,18.6,0.483,2,"SM","training"
"1634",950,700,3.3,0.022,17.4,73.055,5.41,0.813,1,"SM","training"
"1652",950,650,1.7,0.107,22.5,73.283,1.09,1.32,2,"FZ","training"
"1679",950,600,7.8,0.012,31.3,60.564,0.14,0.184,3,"FZ","training"
"1707",950,500,6.1,0.023,29.3,63.97,0.3,0.307,1,"FZ","training"
"1730",950,450,9.4,0.003,20.5,69.62,0.43,0.047,1,"FZ","training"
"1735",925,725,1.7,0.015,7.5,74.971,15.4,0.414,2,"UM","training"
"1762",925,625,6.9,0.004,18.5,74.285,0.23,0.081,3,"FZ","training"
"1791",925,575,9,0.007,24.4,66.333,0.14,0.12,1,"FZ","training"
"1816",925,525,9,0.006,18.4,72.074,0.4,0.12,1,"FZ","training"
"1827",925,475,0.9,0.044,12.5,77.84,7.86,0.856,3,"UM","training"
"1839",900,700,1,0.031,9.2,77.161,11.9,0.708,2,"SM","training"
"1855",900,650,1.2,0.042,10.2,69.148,18.4,1.01,2,"SM","training"
"1873",900,600,8.2,0.005,21.2,70.271,0.25,0.074,2,"FZ","training"
"1898",900,550,11.1,0.008,32.1,56.087,0.59,0.115,2,"FZ","training"
"1925",900,500,9.9,0.002,20.3,69.154,0.61,0.034,3,"FZ","training"
"1948",900,450,10.2,0.003,1.7,87.689,0.32,0.088,1,"FZ","training"
"1960",900,400,2,0.221,15.2,69.079,12.3,1.2,1,"SM","training"
"1976",875,675,1.4,0.101,10.4,76.699,10.2,1.2,3,"SM","training"
"2003",875,625,3.3,0.027,31.7,62.083,1.38,1.51,1,"SM","training"
"2032",875,575,7.6,0.013,32.9,59.226,0.08,0.181,1,"FZ","training"
"2060",875,525,5.9,0.01,40.9,52.815,0.2,0.175,1,"FZ","training"
"2087",875,425,12.09,0.02,27.33,60.141,0.17,0.249,0,"FZ","training"
"2103",850,750,3.44,0.007,5.67,79.166,11.53,0.187,0,"SM","training"
"2117",850,700,1.3,0.019,9.1,72.907,15.9,0.774,2,"SM","training"
"2145",850,650,1.4,0.322,13.4,80.838,2.53,1.51,1,"SM","training"
"2173",850,600,11,0.033,46,42.456,0.17,0.341,0,"FZ","training"
"2202",850,550,7.2,0.02,27.1,65.285,0.17,0.225,2,"FZ","training"
"2227",850,500,0.9,0.032,8.4,81.383,8.41,0.875,1,"SM","training"
"2248",850,450,7.1,0.073,30.2,61.96,0.29,0.377,2,"FZ","training"
"2278",850,400,8.1,0.006,24,67.544,0.12,0.23,2,"FZ","training"
"2287",850,350,8.4,0.024,6.8,75.921,8.7,0.155,2,"UM","training"
"2314",825,625,11.8,0.027,36.4,50.821,0.6,0.352,1,"FZ","training"
"2345",825,575,5.9,0.038,48.1,45.326,0.32,0.316,2,"FZ","training"
"2364",825,475,0.4,0.016,6.7,84.426,8.03,0.428,3,"UM","training"
"2392",825,375,6.5,0.01,30.5,62.646,0.08,0.264,2,"FZ","training"
"2406",825,325,3.2,0.011,5.8,78.976,11.9,0.113,3,"UM","training"
"2419",800,700,2,0.081,8.8,73.865,14.3,0.954,1,"SM","training"
"2446",800,600,5.7,0.023,39.3,54.393,0.24,0.344,2,"FZ","training"
"2477",800,500,1.22,0.053,7.09,89.251,1.9,0.486,0,"SM","training"
"2491",800,450,0.5,0.023,6.8,84.303,7.72,0.654,1,"SM","training"
"2515",800,400,8.9,0.032,34.3,56.072,0.16,0.536,1,"FZ","training"
"2541",800,350,7.3,0.026,28.98,63.025,0.35,0.319,0,"FZ","training"
"2549",775,725,0.7,0.01,7.4,81.996,9.54,0.354,1,"SA","training"
"2575",775,675,9.45,0.01,28.42,61.591,0.19,0.339,0,"SA","training"
"2604",775,625,8.5,0.028,26.9,64.111,0.2,0.261,2,"FZ","training"
"2635",775,575,9.8,0.016,33,56.637,0.34,0.207,2,"FZ","training"
"2665",775,525,12.8,0.003,6.5,80.472,0.19,0.035,1,"FZ","training"
"2676",775,475,0.4,0.014,5.1,74.074,19.9,0.512,2,"SM","training"
"2697",775,425,12.4,0.019,20.3,66.274,0.61,0.397,1,"FZ","training"
"2723",775,375,8,0.061,40.6,50.373,0.39,0.576,1,"SA","training"
"2738",775,325,1.2,0.018,8,73.509,16.5,0.773,2,"SM","training"
"2759",750,700,7.8,0.023,38.3,52.99,0.35,0.537,1,"FZ","training"
"2779",750,650,6.7,0.035,41.9,50.451,0.35,0.564,2,"FZ","training"
"2808",750,550,5.7,0.005,24.2,69.948,0.1,0.047,1,"SA","training"
"2831",750,450,0.4,0.034,8.2,82.74,7.63,0.996,1,"SM","training"
"2850",750,400,1,0.079,25.2,63.391,8.73,1.6,1,"SM","training"
"2865",725,725,8.4,0.005,19.8,70.704,0.88,0.211,1,"FZ","training"
"2891",725,675,9.5,0.01,21.5,68.655,0.19,0.145,2,"FZ","training"
"2918",725,625,6,0.091,38.4,53.996,0.54,0.973,1,"FZ","training"
"2945",725,575,2.8,0.009,22,72.031,1.6,1.56,0,"SA","training"
"2976",725,525,9,0.005,25.6,64.97,0.37,0.055,1,"SA","training"
"2994",725,475,2.5,0.376,11.2,81.674,2.39,1.86,1,"SA","training"
"3010",725,425,1.18,0.09,14.48,81.19,1.99,1.07,0,"SA","training"
"3029",725,375,1.1,0.026,10.9,76.125,11,0.849,1,"SM","training"
"3060",725,325,5.6,0.036,42.6,50.616,0.51,0.638,2,"FZ","training"
"3080",725,275,2.18,0.039,10.77,81.214,5.34,0.457,0,"SM","training"
"3098",700,750,7,0.001,3.9,88.705,0.38,0.014,1,"SM","training"
"3104",700,700,6.7,0.001,3.2,89.913,0.17,0.016,3,"FZ","training"
"3131",700,600,4.2,0.606,28.9,62.854,1.71,1.73,1,"SA","training"
"3156",700,500,6.8,0.022,30.7,61.422,0.63,0.426,1,"FZ","training"
"3179",700,450,0.6,0.036,12.7,72.281,13.4,0.983,1,"SM","training"
"3197",700,400,7.1,0.079,35.9,55.65,0.76,0.511,1,"FZ","training"
"3219",700,350,7.5,0.174,26.7,64.487,0.43,0.709,1,"FZ","training"
"3238",700,250,5.2,0.011,4.8,87.258,2.57,0.161,1,"FZ","training"
"3264",675,625,7.1,0.034,37.6,54.261,0.3,0.705,1,"FZ","training"
"3294",675,575,0.9,0.144,10.5,70.376,17,1.08,1,"SM","training"
"3327",675,525,13.4,0.01,15,71.25,0.26,0.08,1,"FZ","training"
"3355",675,475,1.4,0.241,10.1,73.299,13.4,1.56,1,"SM","training"
"3368",675,425,0.6,0.015,6.2,82.444,10.2,0.541,2,"UM","training"
"3398",675,375,6,0.036,37.2,55.961,0.25,0.553,1,"FZ","training"
"3423",675,325,9.9,0.119,30.5,58.264,0.53,0.687,1,"FZ","training"
"3452",675,275,7.5,0.03,39.4,52.181,0.44,0.449,1,"FZ","training"
"3462",650,700,0.9,0.029,9.7,69.737,18.8,0.834,2,"SM","training"
"3490",650,650,9.2,0.027,29.6,60.171,0.37,0.632,1,"FZ","training"
"3518",650,600,1,0.441,7.6,80.803,9.16,0.996,1,"SM","training"
"3540",650,550,5.3,0.232,15.5,70.558,6.33,2.08,2,"FZ","training"
"3572",650,500,4.47,0.026,38.19,56.797,0.14,0.377,0,"FZ","training"
"3585",650,450,0.9,0.032,11.1,75.438,11.5,1.03,1,"SM","training"
"3614",650,400,0.4,0.015,6.2,81.757,11.1,0.528,2,"SM","training"
"3645",650,350,7.03,0.031,28.91,63.564,0.14,0.325,0,"SA","training"
"3674",650,300,7.3,0.043,37.7,53.772,0.36,0.825,1,"FZ","training"
"3701",625,675,2.4,0.427,22.7,69.613,3.02,1.84,1,"SA","training"
"3718",625,625,3,0.754,28.4,63.626,1.91,2.31,1,"SA","training"
"3743",625,575,6.5,0.031,43,49.705,0.16,0.604,2,"FZ","training"
"3777",625,525,7.7,0.03,43.8,47.768,0.27,0.432,1,"FZ","training"
"3796",625,425,0.4,0.016,6.4,83.153,9.37,0.661,2,"SM","training"
"3813",625,375,0.6,0.016,6.4,80.117,12.5,0.367,2,"SM","training"
"3840",625,325,9.8,0.019,22.8,66.806,0.35,0.225,1,"FZ","training"
"3851",625,275,11.2,0.182,17.9,69.621,0.33,0.767,1,"SA","training"
"3879",625,175,2.7,0.055,20,68.958,7.7,0.587,1,"SM","training"
"3905",600,700,0.62,0.019,7.69,76.912,14.04,0.719,0,"SM","training"
"3932",600,650,0.5,0.039,6.3,81.311,10.8,1.05,2,"SM","training"
"3961",600,600,6.2,0.036,35,57.075,0.76,0.929,1,"FZ","training"
"3993",600,550,9.1,0.029,34.9,55.434,0.18,0.357,1,"FZ","training"
"4028",600,500,6.8,0.014,46.5,46.398,0.09,0.198,1,"FZ","training"
"4060",600,450,6.3,0.035,39.9,52.98,0.25,0.535,1,"FZ","training"
"4072",600,400,0.4,0.013,6.9,80.628,11.7,0.359,2,"SM","training"
"4092",600,350,3.4,0.039,16.1,69.411,10,1.05,1,"FZ","training"
"4119",600,300,8.6,0.017,37.5,53.314,0.2,0.369,3,"FZ","training"
"4147",600,250,7.8,0.038,37.5,53.843,0.29,0.529,1,"SA","training"
"4179",600,200,8.5,0.015,21.9,67.215,1.91,0.46,1,"FZ","training"
"4194",600,150,1.52,0.02,7.98,77.418,12.71,0.352,0,"SM","training"
"4210",575,725,2.9,0.011,7.9,75.623,13.3,0.266,2,"UM","training"
"4226",575,625,0.8,0.062,8.1,73.715,16.4,0.923,1,"SM","training"
"4257",575,575,9.1,0.059,34.7,55.399,0.16,0.582,1,"FZ","training"
"4291",575,475,15,0.004,9.4,75.322,0.22,0.054,1,"FZ","training"
"4320",575,425,6.4,0.022,39,54.231,0.08,0.267,0,"FZ","training"
"4333",575,375,0.6,0.014,6.9,72.914,19,0.572,2,"SM","training"
"4351",575,325,1.1,0.056,12.5,78.818,6.7,0.826,2,"UM","training"
"4366",575,275,11.2,0.033,24.8,63.317,0.2,0.45,2,"SA","training"
"4395",575,225,9.3,0.601,27.5,61.497,0.23,0.872,1,"FZ","training"
"4418",550,700,0.8,0.032,9.7,78.771,10.1,0.597,2,"SM","training"
"4429",550,650,0.8,0.021,7.8,75.313,15.3,0.766,3,"UM","training"
"4459",550,600,7.2,0.024,38.2,53.52,0.45,0.606,1,"FZ","training"
"4491",550,550,5.8,0.193,33.2,58.617,0.85,1.34,1,"FZ","training"
"4524",550,500,12.4,0.003,10.8,76.557,0.19,0.05,1,"FZ","training"
"4555",550,450,11.7,0.004,22,65.979,0.24,0.077,1,"FZ","training"
"4571",550,400,2.6,0.029,22.2,72.33,1.93,0.911,1,"SM","training"
"4577",550,350,0.8,0.02,8,76.284,14.4,0.496,3,"UM","training"
"4599",550,250,15.1,0.02,18.4,65.986,0.22,0.274,1,"FZ","training"
"4630",550,200,8.8,0.027,32.8,57.921,0.18,0.272,3,"FZ","training"
"4642",525,625,2.7,0.066,10.85,79.524,5.87,0.99,0,"SM","training"
"4673",525,575,8.7,0.032,31.9,58.971,0.12,0.277,1,"FZ","training"
"4707",525,525,5.5,0.152,46.4,47.292,0.1,0.556,1,"FZ","training"
"4740",525,425,8.1,0.022,31.8,59.043,0.7,0.335,1,"FZ","training"
"4745",525,375,0.6,0.016,8.7,81.937,8.43,0.317,3,"UM","training"
"4751",525,325,0.7,0.018,8.2,83.651,7.07,0.361,3,"UM","training"
"4769",525,275,1.4,0.042,15.5,80.946,1.35,0.762,1,"FZ","training"
"4780",500,650,1,0.038,9.9,71.878,16.5,0.684,3,"UM","training"
"4810",500,550,8,0.016,30.9,60.575,0.16,0.349,1,"FZ","training"
"4844",500,500,7.2,0.032,41.4,50.949,0.16,0.259,1,"FZ","training"
"4875",500,450,9.2,0.006,31.1,59.339,0.17,0.185,1,"FZ","training"
"4900",500,400,2.5,0.023,24.2,71.806,1.01,0.461,1,"FZ","training"
"4914",500,300,0.7,0.018,9.2,76.977,12.6,0.505,3,"UM","training"
"4940",475,675,1.4,0.027,7.6,70.593,19.6,0.78,1,"SM","training"
"4971",475,625,7.4,0.049,42.9,49.088,0.16,0.403,1,"FZ","training"
"5002",475,575,8.3,1.12,36.3,53.13,0.09,1.06,2,"FZ","training"
"5035",475,475,8.2,0.015,27.7,63.733,0.11,0.242,1,"FZ","training"
"5061",475,425,10.6,0.003,28.8,60.314,0.21,0.073,3,"FZ","training"
"5073",475,375,0.9,0.043,7.8,78.904,11.8,0.553,3,"UM","training"
"5082",475,325,1,0.03,10.2,76.768,11.5,0.502,3,"SM","training"
"5095",475,275,0.7,0.028,12.2,79.773,6.8,0.499,3,"UM","training"
"5108",475,225,3.8,0.06,21.9,71.401,2.07,0.769,3,"FZ","training"
"5119",450,700,0.6,0.013,6.5,76.741,15.7,0.446,1,"SM","training"
"5148",450,600,8.6,0.04,40.7,50.137,0.17,0.353,1,"FZ","training"
"5180",450,500,8.3,0.041,31.9,58.931,0.51,0.318,2,"FZ","training"
"5206",450,450,9.3,0.011,33.1,57.223,0.14,0.226,3,"FZ","training"
"5215",450,400,2.4,0.095,13.4,79.985,3.35,0.77,2,"SM","training"
"5223",450,350,0.7,0.018,8.7,74.147,16,0.435,2,"SM","training"
"5242",450,250,5.2,0.026,26,66.808,1.27,0.696,2,"FZ","training"
"5261",425,675,0.8,0.02,9.2,85.601,3.63,0.749,1,"SM","training"
"5294",425,625,10.7,0.017,32.6,56.267,0.17,0.246,1,"FZ","training"
"5327",425,575,5.4,0.576,46.4,47.055,0.08,0.489,2,"FZ","training"
"5352",425,525,6.5,0.022,41.8,51.006,0.14,0.532,2,"FZ","training"
"5382",425,475,6.3,0.017,39.7,53.265,0.14,0.578,3,"FZ","training"
"5400",425,425,4.7,0.017,44.7,49.946,0.26,0.377,2,"FZ","training"
"5421",425,375,1.4,0.047,8.5,76.273,13.1,0.68,2,"SM","training"
"5435",425,325,1.4,0.049,13.5,78.005,6.45,0.596,2,"SM","training"
"5448",425,275,4.7,0.038,29.6,63.646,1.21,0.806,2,"UM","training"
"5474",425,225,6.8,0.012,44.1,48.802,0.13,0.156,1,"FZ","training"
"5502",400,700,0.5,0.031,8.4,83.144,7.09,0.835,2,"SM","training"
"5525",400,650,8.9,0.045,33.6,56.479,0.33,0.646,2,"FZ","training"
"5553",400,550,12,0.018,21.6,65.98,0.18,0.222,1,"FZ","training"
"5578",400,450,9.1,0.013,28.9,61.213,0.39,0.384,1,"SM","training"
"5592",400,400,5.8,0.022,44.5,48.982,0.23,0.466,1,"FZ","training"
"5606",400,300,2.8,0.059,21.1,71.181,3.77,1.09,2,"SM","training"
"5633",375,675,7.5,0.035,38.6,53.27,0.14,0.455,1,"FZ","training"
"5665",375,625,7,0.027,39.7,52.887,0.12,0.266,1,"FZ","training"
"5699",375,575,5,0.096,51.6,42.718,0.12,0.466,1,"FZ","training"
"5729",375,525,6.4,0.031,38.3,54.318,0.2,0.751,2,"FZ","training"
"5747",375,425,4.5,0.022,48.7,46.011,0.18,0.587,2,"FZ","training"
"5762",375,325,6.5,0.037,22.1,69.257,1.34,0.766,1,"SA","training"
"5781",375,275,9.4,0.003,14.3,75.876,0.31,0.111,2,"FZ","training"
"5808",350,750,0.5,0.018,7.6,75.141,15.9,0.841,1,"SM","training"
"5840",350,700,0.9,0.028,10.5,78.532,8.77,1.27,1,"SM","training"
"5873",350,600,6.1,0.17,32.7,57.38,1.7,1.95,1,"FZ","training"
"5904",350,550,7.7,0.035,37.4,54.054,0.24,0.571,2,"FZ","training"
"5928",350,500,1.1,0.058,12.9,80.456,4.68,0.806,1,"SM","training"
"5947",350,450,2.5,0.141,23.6,69.649,2.4,1.71,1,"SM","training"
"5963",350,400,4.7,0.027,40.3,54.009,0.48,0.484,2,"FZ","training"
"5976",350,350,5.8,0.029,21.9,70.5,1.08,0.691,1,"FZ","training"
"5990",350,300,6.2,0.031,23.7,67.897,1.37,0.802,1,"FZ","training"
"6017",350,250,11.8,0.008,23.9,63.951,0.1,0.241,1,"FZ","training"
"6035",350,150,4.9,0.011,9.9,77.169,7.79,0.23,1,"SM","training"
"6065",350,100,4.2,0.006,8.3,81.321,6.07,0.103,1,"SM","training"
"6091",325,725,1.3,0.062,14.6,74.468,8.1,1.47,1,"SM","training"
"6110",325,625,4.7,0.333,33.7,57.207,2.01,2.05,1,"FZ","training"
"6141",325,575,5.7,0.026,45.3,48.169,0.24,0.565,1,"FZ","training"
"6159",325,525,0.9,0.021,8.8,83.71,5.93,0.639,2,"SM","training"
"6194",325,475,1.7,0.03,15.6,78.13,3.23,1.31,1,"SA","training"
"6214",325,425,4.5,0.036,30.9,62.311,1.31,0.943,1,"FZ","training"
"6228",325,375,4.5,0.022,14.2,77.872,2.88,0.526,3,"UM","training"
"6244",325,275,2.3,0.012,11.5,73.515,12.2,0.473,1,"SM","training"
"6266",325,225,9.4,0.005,29.3,60.951,0.17,0.174,1,"FZ","training"
"6287",325,125,4.4,0.007,16.8,71.891,6.35,0.552,1,"FZ","training"
"6301",300,750,1.2,0.06,10.8,72.6,13.9,1.44,1,"SM","training"
"6328",300,700,0.9,0.037,13.3,71.993,12.5,1.27,1,"SM","training"
"6360",300,650,1.7,0.168,18.9,72.422,5.27,1.54,2,"SM","training"
"6384",300,600,4,0.206,24.8,65.134,4.04,1.82,1,"SM","training"
"6405",300,550,4.8,0.42,36.8,54.92,1.38,1.68,1,"SA","training"
"6431",300,500,8.2,0.027,40.3,50.683,0.3,0.49,1,"FZ","training"
"6460",300,450,7.3,0.023,33.8,58.172,0.25,0.455,1,"FZ","training"
"6484",300,400,5.9,0.041,35.5,57.095,0.75,0.714,3,"FZ","training"
"6499",300,350,4.8,0.014,16.1,76.977,1.47,0.639,1,"SM","training"
"6519",300,300,5.3,0.006,13.3,74.366,6.69,0.338,1,"FZ","training"
"6547",300,250,11,0.007,37.4,51.306,0.2,0.087,1,"FZ","training"
"6577",300,200,7.1,0.055,31.3,60.93,0.17,0.445,1,"FZ","training"
"6604",300,150,7.7,0.004,33.2,58.769,0.11,0.217,1,"FZ","training"
"6628",275,675,4.6,0.107,39.1,54.67,0.57,0.953,1,"FZ","training"
"6654",275,625,3.7,1.45,22.7,68.37,1.45,2.33,1,"SM","training"
"6690",275,575,7.3,0.046,39.4,52.589,0.27,0.395,1,"FZ","training"
"6713",275,525,5.5,0.371,42,50.809,0.21,1.11,2,"FZ","training"
"6744",275,475,1.6,0.488,25.7,67.892,1.78,2.54,1,"SA","training"
"6776",275,425,6.7,0.025,37.1,55.227,0.42,0.528,1,"FZ","training"
"6797",275,325,10.3,0.016,11.2,75.909,2.12,0.455,1,"SM","training"
"6812",275,275,4.8,0.014,15.7,70.608,8.51,0.368,1,"SM","training"
"6833",250,750,2.2,0.053,14.6,71.247,10.6,1.3,1,"SM","training"
"6864",250,700,4.1,0.079,41.3,52.701,0.78,1.04,1,"SA","training"
"6887",250,650,4.9,0.212,45.2,48.963,0.21,0.515,2,"SA","training"
"6914",250,550,6.9,0.049,37.8,54.502,0.18,0.569,1,"FZ","training"
"6949",250,500,6.8,0.068,42.4,50.026,0.23,0.476,1,"FZ","training"
"6985",250,450,3.3,0.993,17.5,70.587,4.26,3.36,1,"SM","training"
"7019",250,400,2,0.032,12.4,70.438,14.1,1.03,1,"SM","training"
"7038",250,300,3.9,0.01,11.2,73.98,10.6,0.31,1,"SM","training"
"7053",250,200,4.3,0.26,21.9,70.72,1.75,1.07,2,"SM","training"
"7063",250,150,3.7,0.007,5.7,79.104,11.4,0.089,0,"UM","training"
"7095",225,725,9.6,0.024,33.2,56.423,0.23,0.523,1,"FZ","training"
"7129",225,675,6.5,0.82,35.1,56.725,0.12,0.735,3,"FZ","training"
"7155",225,625,1.5,0.031,14.9,71.769,10.8,1,1,"SM","training"
"7171",225,575,1.9,0.02,10.7,68.956,17.9,0.524,1,"SM","training"
"7201",225,475,7.5,0.369,42.2,49.236,0.19,0.505,3,"FZ","training"
"7228",225,375,7.4,0.011,31.8,60.334,0.25,0.205,1,"FZ","training"
"7260",225,325,4.2,0.045,22.8,70.655,1.25,1.05,1,"SA","training"
"7287",225,275,7,0.02,30.6,61.985,0.1,0.295,1,"FZ","training"
"7318",225,225,13.2,0.008,30.2,56.403,0.11,0.079,1,"FZ","training"
"7327",225,175,2.4,0.075,10.6,69.214,17.2,0.511,2,"UM","training"
"7356",200,750,1.9,0.13,14.9,68.72,13,1.35,1,"SM","training"
"7388",200,700,6.8,0.027,43.8,48.775,0.16,0.438,2,"FZ","training"
"7413",200,600,5.6,0.043,13.9,72.167,6.77,1.52,1,"SM","training"
"7446",200,500,7.3,0.193,43.9,47.795,0.23,0.582,3,"FZ","training"
"7480",200,450,12,0.021,35.9,51.656,0.15,0.273,2,"FZ","training"
"7513",200,350,6.7,0.025,40.2,52.362,0.26,0.453,1,"FZ","training"
"7545",200,250,10.9,0.019,30.5,58.393,0.06,0.128,1,"FZ","training"
"7576",200,200,9.3,0.025,33.4,56.87,0.12,0.285,1,"FZ","training"
"7586",200,150,2.1,0.019,11.9,69.595,16,0.386,3,"UM","training"
"7599",200,100,1.5,0.012,6.2,75.884,16.1,0.304,2,"SM","training"
"7614",200,50,6.9,0.001,3.7,87.828,1.55,0.021,1,"FZ","training"
"7626",175,775,8.1,0.001,5,86.288,0.6,0.011,1,"FZ","training"
"7651",175,725,4.7,0.105,51.8,42.176,0.35,0.869,1,"FZ","training"
"7680",175,675,1.7,0.07,21.4,65.6,9.31,1.92,1,"SM","training"
"7716",175,625,3,0.335,25.1,64.455,5.14,1.97,1,"SM","training"
"7728",175,575,6.8,0.007,7.8,75.524,9.7,0.169,3,"UM","training"
"7761",175,525,3.8,0.07,12.6,77.566,5.11,0.854,2,"SA","training"
"7796",175,475,10.4,0.014,35.5,53.741,0.15,0.195,1,"FZ","training"
"7830",175,375,2.6,0.143,21.5,73.187,1.38,1.19,1,"SA","training"
"7861",175,275,3.03,0.024,14.81,80.353,1.21,0.573,0,"SA","training"
"7892",175,225,2.9,0.29,24.6,68.08,2.18,1.95,1,"SA","training"
"7922",175,175,7.4,0.033,40.6,51.368,0.21,0.389,1,"FZ","training"
"7941",175,125,2.2,0.028,14.6,71.819,10.6,0.753,2,"SM","training"
"7950",175,75,1.1,0.017,8,70.502,20,0.381,3,"UM","training"
"7965",150,700,3.4,0.084,27.7,63.046,3.97,1.8,1,"SM","training"
"7990",150,650,4,0.52,48.6,45.573,0.31,0.997,1,"FZ","training"
"8016",150,550,3.9,0.044,21.9,71.599,1.72,0.837,1,"FZ","training"
"8049",150,450,14.6,0.011,30.5,54.665,0.11,0.114,1,"FZ","training"
"8081",150,400,8.4,0.055,27,64.19,0.06,0.295,1,"FZ","training"
"8109",150,200,9.2,0.033,37.7,52.52,0.24,0.307,1,"FZ","training"
"8142",150,150,8.9,0.023,36,54.704,0.08,0.293,2,"FZ","training"
"8157",150,100,2.1,0.035,14.7,70.488,11.8,0.877,2,"SM","training"
"8163",125,725,0.9,0.024,11.2,69.256,17.6,1.02,1,"SM","training"
"8193",125,675,8.4,0.144,35.7,54.636,0.35,0.77,2,"FZ","training"
"8227",125,625,6.3,0.022,42.8,50.425,0.17,0.283,2,"FZ","training"
"8243",125,575,1.9,0.056,11.3,71.207,14.6,0.937,2,"UM","training"
"8263",125,525,2.1,0.044,7.9,76.314,13,0.642,1,"SM","training"
"8279",125,475,4,0.017,7,76.177,12.5,0.306,1,"SM","training"
"8311",125,425,7.2,0.027,35.7,56.443,0.22,0.41,1,"FZ","training"
"8330",125,325,4.4,0.022,16.6,75.391,2.79,0.797,1,"SA","training"
"8357",125,175,10.3,0.038,39.4,49.766,0.16,0.336,1,"FZ","training"
"8374",125,125,1.8,0.048,13.1,68.695,15.5,0.857,1,"SM","training"
"8382",125,75,1.3,0.016,9.4,73.159,15.7,0.425,3,"UM","training"
"8408",125,25,6.4,0.007,23,70.221,0.24,0.132,0,"FZ","training"
"8438",100,700,0.8,0.035,14,68.875,15,1.29,1,"SM","training"
"8466",100,600,1.5,0.079,22.4,65.131,9.4,1.49,1,"SM","training"
"8486",100,500,1.5,0.018,9.4,74.113,14.6,0.369,1,"SM","training"
"8504",100,350,2.9,0.084,15.4,76.379,4.45,0.787,2,"SM","training"
"8517",100,200,9.14,0.003,6.14,84.108,0.58,0.029,0,"SM","training"
"8530",100,150,2.9,0.179,26.5,65.721,3.18,1.52,1,"SM","training"
"8541",100,100,2.4,0.026,12.3,70.274,14,1,1,"SM","training"
"8561",100,0,4.6,0.009,10.6,82.77,1.91,0.111,1,"FZ","training"
"8577",75,725,0.4,0.015,6.2,76.653,16.2,0.532,2,"SM","training"
"8603",75,625,1.7,0.053,16.6,66.237,14.4,1.01,1,"SM","training"
"8621",75,575,3.1,0.035,18,68.514,9.36,0.991,0,"SM","training"
"8641",50,750,8.2,0.006,4.3,84.994,2.46,0.04,1,"SM","training"
"8659",50,700,1.4,0.033,14.3,69.917,13.1,1.25,1,"SM","training"
"8682",50,650,1.2,0.025,14.1,66.91,17,0.765,1,"SM","training"
"8695",50,600,1.5,0.03,15.8,67.664,14.2,0.806,2,"SM","training"
"8719",50,100,2.6,0.07,11.1,76.497,9.16,0.573,2,"SM","training"
"8737",25,675,4.7,0.283,46.6,47.23,0.32,0.867,1,"FZ","training"
"8754",0,700,1.2,0.065,12,79.085,6.64,1.01,1,"SM","training"
"14884",1300,625,1.3,0.033,13.4,72.385,12.4,0.482,2,"FZ","validation"
"14885",1300,575,7.8,0.007,17.3,74,0.79,0.103,2,"FZ","validation"
"14886",1275,750,1,0.012,9,77.587,12,0.401,0,"FZ","validation"
"14887",1275,700,1.2,0.015,11,74.05,13.3,0.435,3,"FZ","validation"
"14888",1275,600,6.72,0.016,24.92,66.413,1.59,0.341,0,"SA","validation"
"14889",1250,725,6.4,0.03,33.6,58.952,0.61,0.408,3,"FZ","validation"
"14890",1250,625,4.8,0.025,25.3,66.066,3.4,0.409,2,"FZ","validation"
"14891",1250,575,4,0.025,22.8,71.138,1.7,0.337,3,"FZ","validation"
"14892",1225,750,6.3,0.013,34.7,58.313,0.45,0.224,3,"FZ","validation"
"14893",1225,700,7.1,0.032,43.6,48.378,0.38,0.51,3,"FZ","validation"
"14894",1225,600,6.8,0.024,39.9,51.956,0.96,0.36,3,"FZ","validation"
"14895",1200,775,3.6,0.013,3.6,80.501,11.9,0.386,2,"SM","validation"
"14896",1200,725,9.7,0.016,36.6,53.097,0.32,0.267,2,"FZ","validation"
"14897",1200,675,14.59,0.013,24.01,60.993,0.23,0.164,0,"SA","validation"
"14898",1200,625,9.6,0.014,35,54.434,0.71,0.242,3,"FZ","validation"
"14899",1200,575,9,0.01,31.8,58.679,0.34,0.171,1,"FZ","validation"
"14900",1200,525,5.7,0.021,38.9,54.664,0.38,0.335,1,"FZ","validation"
"14901",1175,800,1,0.013,5.8,80.137,12.7,0.35,1,"SM","validation"
"14902",1175,750,0.4,0.014,6.5,79.775,12.9,0.411,2,"SM","validation"
"14903",1175,700,9.4,0.019,28.1,61.578,0.65,0.253,2,"FZ","validation"
"14904",1175,650,9.9,0.022,33.7,55.22,0.81,0.348,3,"FZ","validation"
"14905",1175,550,8.5,0.019,35.4,55.215,0.59,0.276,2,"FZ","validation"
"14906",1175,500,9.2,0.01,21.4,68.231,0.96,0.199,2,"FZ","validation"
"14907",1150,775,1.6,0.039,5.9,80.004,12.1,0.357,1,"SM","validation"
"14908",1150,725,0.8,0.121,10.5,78.749,8.36,1.47,1,"SM","validation"
"14909",1150,675,10.1,0.014,31.7,57.676,0.27,0.24,3,"FZ","validation"
"14910",1150,625,6.9,0.02,44.5,47.986,0.27,0.324,3,"FZ","validation"
"14911",1150,575,6.94,0.022,27.02,65.315,0.5,0.203,0,"FZ","validation"
"14912",1150,525,7.8,0.024,32.4,58.65,0.81,0.316,3,"FZ","validation"
"14913",1150,475,6.5,0.024,32.5,59.579,1.03,0.367,3,"FZ","validation"
"14914",1150,425,3.4,0.028,22.5,68.739,4.95,0.383,1,"FZ","validation"
"14915",1125,750,2.78,0.018,14.29,73.713,8.76,0.439,0,"FZ","validation"
"14916",1125,700,8.7,0.142,27.3,62.993,0.35,0.515,3,"FZ","validation"
"14917",1125,500,5.5,0.029,32.4,60.475,1.02,0.576,3,"FZ","validation"
"14918",1125,450,4.8,0.035,36.15,58.105,0.53,0.38,0,"SA","validation"
"14919",1100,725,2.8,0.226,19.5,68.754,6.61,2.11,2,"SM","validation"
"14920",1100,625,6.4,0.014,40.7,52.477,0.13,0.279,1,"FZ","validation"
"14921",1100,575,9.5,0.011,36.1,53.742,0.46,0.187,3,"FZ","validation"
"14922",1100,475,3.6,0.024,13.3,74.836,7.68,0.56,1,"SM","validation"
"14923",1075,750,0.4,0.012,5.1,84.435,9.65,0.403,2,"SM","validation"
"14924",1075,700,1.7,0.062,12.4,78.548,6,1.29,3,"SM","validation"
"14925",1075,650,8.5,0.01,32.6,58.624,0.13,0.136,1,"FZ","validation"
"14926",1075,600,8.3,0.031,40.9,50.314,0.15,0.305,3,"FZ","validation"
"14927",1075,550,6.5,0.015,39.4,53.541,0.35,0.194,3,"FZ","validation"
"14928",1075,500,7.9,0.024,38.8,52.733,0.24,0.303,1,"FZ","validation"
"14929",1075,450,3.2,0.111,7.2,76.505,12.4,0.584,2,"SM","validation"
"14930",1050,675,2.6,0.03,21.9,72.43,1.39,1.65,1,"FZ","validation"
"14931",1050,625,13.3,0.013,27.7,58.66,0.17,0.157,3,"FZ","validation"
"14932",1050,575,9.1,0.017,35.1,55.384,0.24,0.159,3,"FZ","validation"
"14933",1050,525,8.88,0.012,36.17,54.782,0.11,0.046,0,"FZ","validation"
"14934",1025,700,0.8,0.042,13,69.238,15.6,1.32,1,"SM","validation"
"14935",1025,650,7.4,0.033,44.1,47.807,0.14,0.52,3,"FZ","validation"
"14936",1025,600,15.5,0.004,18.1,66.21,0.12,0.066,3,"FZ","validation"
"14937",1025,550,9.9,0.018,40.5,49.094,0.23,0.258,2,"FZ","validation"
"14938",1025,500,7.7,0.015,28.3,62.528,0.93,0.527,2,"SM","validation"
"14939",1025,450,10.6,0.009,3.6,81.172,4.43,0.189,1,"SM","validation"
"14940",1000,725,1.5,0.034,12.1,70.036,15.3,1.03,1,"SM","validation"
"14941",1000,625,8.2,0.015,30.6,60.801,0.14,0.244,3,"FZ","validation"
"14942",1000,575,9.7,0.01,27.6,62.395,0.12,0.175,2,"FZ","validation"
"14943",1000,475,1.7,0.327,17.2,77.693,1.68,1.4,2,"SM","validation"
"14944",975,750,1.4,0.022,9,72.006,16.8,0.772,1,"SM","validation"
"14945",975,700,0.5,0.031,7.6,71.228,19.8,0.841,2,"SM","validation"
"14946",975,600,9.85,0.016,33.48,56.129,0.3,0.225,0,"FZ","validation"
"14947",975,550,11.8,0.007,37.1,50.658,0.38,0.055,2,"FZ","validation"
"14948",975,500,11,0.016,26.7,61.721,0.29,0.273,3,"FZ","validation"
"14949",975,450,2.9,0.161,21.28,72.419,2.04,1.2,0,"SA","validation"
"14950",975,400,9.2,0.007,6.4,82.09,2.16,0.143,1,"SM","validation"
"14951",950,775,1.5,0.023,8,76.036,14,0.441,0,"UM","validation"
"14952",950,725,0.9,0.019,11.3,68.573,18.7,0.508,3,"UM","validation"
"14953",950,675,1.6,0.028,8.9,71.281,17.4,0.791,2,"SM","validation"
"14954",950,625,9.9,0.03,31.4,58.244,0.14,0.286,1,"FZ","validation"
"14955",950,525,8.7,0.012,31.3,59.509,0.24,0.239,3,"FZ","validation"
"14956",950,475,1.3,0.045,15.4,71.265,10.9,1.09,1,"SM","validation"
"14957",950,425,9,0.004,16.3,73.965,0.63,0.101,3,"FZ","validation"
"14958",925,700,2.8,0.089,11.1,79.731,5.2,1.08,3,"SM","validation"
"14959",925,650,1,0.051,8,73.498,16.6,0.851,2,"SM","validation"
"14960",925,550,6.6,0.041,43.4,49.559,0.11,0.29,2,"FZ","validation"
"14961",925,450,13.3,0.003,7.4,79.057,0.21,0.03,2,"FZ","validation"
"14962",925,400,7.9,0.006,3.7,81.926,6.38,0.088,2,"UM","validation"
"14963",900,675,1.07,0.06,11.18,73.31,13.29,1.09,0,"SM","validation"
"14964",900,625,8.5,0.01,26.3,64.521,0.49,0.179,2,"FZ","validation"
"14965",900,575,9.2,0.013,35.8,54.587,0.17,0.23,1,"FZ","validation"
"14966",900,525,9.3,0.01,31.06,59.092,0.4,0.138,0,"FZ","validation"
"14967",900,475,1.7,0.02,29.3,66.75,1.2,1.03,1,"FZ","validation"
"14968",900,425,11.9,0.01,25.1,62.745,0.12,0.125,1,"FZ","validation"
"14969",875,700,1.5,0.031,9.9,81.651,6.22,0.698,2,"SM","validation"
"14970",875,600,8.4,0.008,33.4,58.018,0.1,0.074,2,"FZ","validation"
"14971",875,500,6.9,0.003,37.9,54.871,0.23,0.096,2,"FZ","validation"
"14972",875,450,0.8,0.059,13.7,78.371,6.04,1.03,1,"SM","validation"
"14973",875,400,6.1,0.014,15.5,75.743,1.77,0.873,1,"SM","validation"
"14974",850,675,9.6,0.023,28.2,61.331,0.58,0.266,2,"FZ","validation"
"14975",850,625,8.3,0.021,34.7,56.283,0.2,0.496,2,"FZ","validation"
"14976",850,575,10,0.034,40.6,48.634,0.44,0.292,1,"FZ","validation"
"14977",850,525,12.1,0.005,20.4,67.215,0.18,0.1,2,"FZ","validation"
"14978",850,475,1.5,0.026,11.9,70.166,15.6,0.808,1,"SM","validation"
"14979",850,425,10,0.097,25.9,63.488,0.13,0.385,1,"FZ","validation"
"14980",850,375,2.4,0.016,6.6,79.229,11.6,0.155,3,"UM","validation"
"14981",825,700,0.7,0.022,7.2,71.595,19.8,0.683,2,"SM","validation"
"14982",825,650,8.9,0.017,29.4,61.162,0.29,0.231,1,"FZ","validation"
"14983",825,550,10.6,0.019,32.7,56.209,0.22,0.252,1,"FZ","validation"
"14984",825,500,9.5,0.008,26.3,63.647,0.35,0.195,2,"FZ","validation"
"14985",825,450,6.5,0.079,40.9,51.456,0.22,0.845,1,"FZ","validation"
"14986",825,400,9.1,0.047,34,56.149,0.15,0.554,2,"FZ","validation"
"14987",800,675,11.2,0.03,27.2,60.929,0.24,0.401,2,"FZ","validation"
"14988",800,625,10.4,0.024,34.8,54.366,0.11,0.3,1,"FZ","validation"
"14989",800,525,10.9,0.009,31.8,56.969,0.17,0.152,1,"FZ","validation"
"14990",800,425,7.9,0.382,31.4,59.486,0.21,0.622,1,"SM","validation"
"14991",775,750,7.8,0.002,6,85.324,0.83,0.044,2,"FZ","validation"
"14992",775,700,3,0.014,18.3,75.864,2.18,0.642,2,"SA","validation"
"14993",775,650,10.3,0.015,29,59.936,0.44,0.309,2,"FZ","validation"
"14994",775,600,7.1,0.052,39,53.35,0.16,0.338,2,"FZ","validation"
"14995",775,550,12,0.008,23.2,64.446,0.29,0.056,1,"FZ","validation"
"14996",775,500,1.6,0.019,10.9,85.992,0.86,0.629,1,"SM","validation"
"14997",775,450,4.9,0.249,24.5,66.811,1.83,1.71,1,"SM","validation"
"14998",775,400,6.2,0.084,42.5,50.385,0.22,0.611,1,"FZ","validation"
"14999",775,350,1.4,0.141,15.2,77.514,4.76,0.985,1,"SM","validation"
"15000",750,625,11.7,0.02,26.3,61.408,0.28,0.292,1,"FZ","validation"
"15001",750,575,9.3,0.039,38.2,51.654,0.35,0.457,1,"FZ","validation"
"15002",750,525,10.1,0.009,35.8,53.813,0.18,0.098,2,"FZ","validation"
"15003",750,475,0.7,0.026,6.3,88.651,3.7,0.623,3,"UM","validation"
"15004",750,375,1,0.044,10.7,80.595,7.03,0.631,2,"SM","validation"
"15005",750,325,1.4,0.056,13.5,70.033,14.1,0.911,1,"SM","validation"
"15006",725,700,10.7,0.003,19.8,69.25,0.16,0.087,1,"FZ","validation"
"15007",725,650,3.5,0.041,39.7,53.329,2.34,1.09,1,"FZ","validation"
"15008",725,600,6.4,0.166,33.9,56.824,1.49,1.22,1,"FZ","validation"
"15009",725,550,4.8,0.057,47.4,47,0.31,0.433,1,"FZ","validation"
"15010",725,500,1.7,0.011,10,87.014,0.75,0.525,2,"SM","validation"
"15011",725,450,5.2,0.024,11,76.453,6.34,0.983,2,"SM","validation"
"15012",725,400,1.5,0.042,15.4,75.305,6.81,0.943,1,"SM","validation"
"15013",725,350,1.8,0.032,14.7,69.282,13.4,0.786,1,"SM","validation"
"15014",725,300,2.1,0.03,7.8,72.588,16.7,0.782,2,"SM","validation"
"15015",700,675,7,0.023,33.8,57.758,0.95,0.469,1,"SM","validation"
"15016",700,625,5.9,0.039,44.5,48.369,0.26,0.932,1,"FZ","validation"
"15017",700,575,2.8,0.263,19.3,72.047,3.65,1.94,1,"SM","validation"
"15018",700,525,6.5,0.008,16.3,76.919,0.17,0.103,2,"FZ","validation"
"15019",700,425,3.8,0.039,48.5,46.086,0.95,0.625,2,"FZ","validation"
"15020",700,325,7.3,0.144,30,61.386,0.46,0.71,1,"FZ","validation"
"15021",675,700,2.2,0.052,13,82.924,1.13,0.694,2,"SM","validation"
"15022",675,650,8.5,0.025,38.1,52.398,0.37,0.607,1,"FZ","validation"
"15023",675,550,6.8,0.057,45.6,46.818,0.15,0.575,3,"FZ","validation"
"15024",675,450,0.5,0.025,10.6,77.186,11,0.689,1,"SM","validation"
"15025",675,400,3.2,0.526,32.3,60.434,1.63,1.91,1,"FZ","validation"
"15026",675,300,1.8,0.044,10.8,68.856,17.5,1,3,"UM","validation"
"15027",650,675,8.1,0.02,32.5,58.427,0.51,0.443,1,"FZ","validation"
"15028",650,625,3.1,0.602,24.2,66.588,3.47,2.04,1,"SA","validation"
"15029",650,575,4.6,1.2,27.1,63.3,1.33,2.47,1,"FZ","validation"
"15030",650,525,9.2,0.014,37.7,52.615,0.26,0.211,1,"FZ","validation"
"15031",650,475,6.8,0.021,38.1,54.306,0.45,0.323,3,"FZ","validation"
"15032",650,375,9,0.02,28.3,62.246,0.19,0.244,1,"FZ","validation"
"15033",650,325,6.8,0.049,42.6,49.328,0.43,0.793,2,"FZ","validation"
"15034",650,275,1.3,0.015,9.6,74.72,13.8,0.565,3,"UM","validation"
"15035",625,600,6.8,0.035,33,58.13,1.05,0.985,1,"SM","validation"
"15036",625,500,7.5,0.005,30.6,61.599,0.18,0.116,2,"FZ","validation"
"15037",625,450,8.9,0.022,32.3,58.047,0.25,0.481,1,"FZ","validation"
"15038",625,350,6.1,0.046,38,55.002,0.21,0.642,3,"FZ","validation"
"15039",625,250,1.29,0.016,10.69,76.054,11.56,0.39,0,"SM","validation"
"15040",600,675,2,0.064,6.7,81.862,8.46,0.914,3,"UM","validation"
"15041",600,625,0.6,0.115,11.6,70.925,15.7,1.06,1,"SM","validation"
"15042",600,575,6.5,0.032,35.7,56.902,0.22,0.646,2,"FZ","validation"
"15043",600,525,7.5,0.02,29.1,63.056,0.12,0.204,1,"FZ","validation"
"15044",600,475,6.4,0.009,38,55.253,0.17,0.168,1,"FZ","validation"
"15045",600,425,0.55,0.103,11.56,84.501,2.65,0.636,0,"SM","validation"
"15046",600,375,0.6,0.026,11.2,77.085,10.4,0.689,3,"UM","validation"
"15047",600,325,8.6,0.03,34.7,55.838,0.2,0.632,3,"FZ","validation"
"15048",600,275,10,0.021,32.7,56.944,0.11,0.225,1,"FZ","validation"
"15049",600,175,1.4,0.014,8.3,75.359,14.5,0.427,2,"FZ","validation"
"15050",575,700,0.8,0.017,6.3,84.502,7.78,0.601,3,"SM","validation"
"15051",575,650,1.1,0.343,7.5,89.146,1.12,0.791,3,"UM","validation"
"15052",575,550,5.9,0.03,45.5,48.019,0.11,0.441,1,"FZ","validation"
"15053",575,500,8.2,0.017,27.8,63.619,0.15,0.214,1,"FZ","validation"
"15054",575,450,7.3,0.028,38.6,53.624,0.18,0.268,1,"FZ","validation"
"15055",575,400,1,0.026,10.8,76.427,11.2,0.547,3,"UM","validation"
"15056",575,300,6.5,0.019,22,70.948,0.24,0.293,1,"FZ","validation"
"15057",575,200,9.4,0.023,34.7,55.235,0.17,0.472,1,"FZ","validation"
"15058",550,675,0.6,0.022,6.7,84.968,7.05,0.66,3,"UM","validation"
"15059",550,625,0.8,0.05,8.9,81.385,8.09,0.775,1,"SM","validation"
"15060",550,575,4.6,0.057,46,48.667,0.1,0.576,1,"FZ","validation"
"15061",550,525,6.7,0.036,46,46.912,0.12,0.232,1,"FZ","validation"
"15062",550,475,10.9,0.003,15.5,73.438,0.1,0.059,1,"FZ","validation"
"15063",550,425,4.3,0.09,23.8,68.51,1.65,1.65,1,"SM","validation"
"15064",550,325,7.53,0.017,26.51,64.921,0.62,0.402,0,"FZ","validation"
"15065",550,275,8.1,0.018,21.4,69.612,0.34,0.53,2,"FZ","validation"
"15066",550,225,9.9,0.026,31.1,58.284,0.32,0.37,3,"FZ","validation"
"15067",550,175,10.4,0.015,23.2,65.374,0.83,0.181,1,"FZ","validation"
"15068",525,600,6.7,0.032,45.5,47.073,0.19,0.505,1,"FZ","validation"
"15069",525,500,13.54,0.008,23.59,62.6,0.14,0.122,0,"SA","validation"
"15070",525,450,10.7,0.006,25.8,63.076,0.29,0.128,3,"SA","validation"
"15071",525,400,1.7,0.071,16.3,71.812,9.33,0.787,3,"UM","validation"
"15072",525,350,0.5,0.014,8.6,77.43,13.2,0.256,2,"SM","validation"
"15073",525,300,2,0.05,15.4,75.22,6.17,1.16,1,"SM","validation"
"15074",525,250,4.8,0.047,39.3,54.125,0.84,0.888,1,"SA","validation"
"15075",525,200,11.24,0.014,26.46,61.798,0.26,0.228,0,"FZ","validation"
"15076",500,625,1.5,0.066,9.3,72.274,15.8,1.06,1,"SM","validation"
"15077",500,575,3.9,0.041,49.5,46.073,0.2,0.286,1,"FZ","validation"
"15078",500,525,7.9,0.139,40,50.983,0.44,0.538,1,"FZ","validation"
"15079",500,475,12.7,0.007,20.4,66.557,0.2,0.136,3,"SA","validation"
"15080",500,375,0.4,0.012,5.3,75.802,18.2,0.286,2,"UM","validation"
"15081",500,325,0.8,0.017,7.9,78.042,12.9,0.341,0,"UM","validation"
"15082",500,275,0.7,0.027,13.2,75.175,10.3,0.598,3,"UM","validation"
"15083",500,225,4.5,0.034,21.6,70.985,1.95,0.931,1,"FZ","validation"
"15084",475,700,0.8,0.03,12.4,69.211,16.7,0.859,3,"SM","validation"
"15085",475,650,0.7,0.072,12,75.188,10.8,1.24,1,"SM","validation"
"15086",475,600,9.2,0.021,37.7,52.658,0.13,0.291,1,"FZ","validation"
"15087",475,550,7.1,0.268,40.5,51.519,0.08,0.533,1,"FZ","validation"
"15088",475,500,5.7,0.085,49.4,43.959,0.37,0.486,3,"FZ","validation"
"15089",475,450,5.2,0.008,51.7,42.815,0.12,0.157,3,"FZ","validation"
"15090",475,400,2.1,0.026,22.1,73.403,1.47,0.901,1,"SM","validation"
"15091",475,350,0.7,0.016,7.4,75.225,16.3,0.359,3,"UM","validation"
"15092",475,250,2,0.019,7.4,84.545,5.75,0.286,2,"SM","validation"
"15093",450,675,1.4,0.035,10.8,71.605,14.6,1.56,1,"SM","validation"
"15094",450,625,2.8,2.13,20,69.41,2.21,3.45,1,"FZ","validation"
"15095",450,575,6.28,0.134,38.19,55.082,0.09,0.224,0,"FZ","validation"
"15096",450,525,8.2,0.018,35.5,55.588,0.37,0.324,2,"FZ","validation"
"15097",450,425,3.1,0.031,29.5,65.099,1.21,1.06,1,"SA","validation"
"15098",450,325,1.3,0.035,11.2,73.668,13.3,0.497,3,"UM","validation"
"15099",450,275,1.08,0.034,12.8,72.685,12.9,0.501,0,"SM","validation"
"15100",450,225,7.6,0.04,36.8,54.698,0.43,0.432,1,"FZ","validation"
"15101",425,700,0.7,0.022,9.4,77.18,11.8,0.898,1,"SM","validation"
"15102",425,650,1.5,0.192,12.8,80.421,4.11,0.977,2,"SM","validation"
"15103",425,600,9.5,0.017,37.6,52.513,0.07,0.3,3,"SM","validation"
"15104",425,550,6.4,0.048,42.2,50.658,0.25,0.444,2,"FZ","validation"
"15105",425,500,5.1,0.018,46.5,47.674,0.14,0.568,3,"FZ","validation"
"15106",425,450,7.6,0.004,36.5,55.728,0.1,0.068,2,"FZ","validation"
"15107",425,400,3,0.044,18.4,75.906,1.51,1.14,1,"SM","validation"
"15108",425,350,3.1,0.032,16.2,77.698,2.27,0.7,2,"SM","validation"
"15109",425,300,5.9,0.005,17,76.577,0.45,0.068,0,"FZ","validation"
"15110",425,250,10.3,0.004,23.1,66.142,0.31,0.144,1,"FZ","validation"
"15111",400,625,9.2,0.08,38.1,51.997,0.17,0.453,2,"FZ","validation"
"15112",400,575,7.6,0.049,40.8,51.063,0.14,0.348,2,"FZ","validation"
"15113",400,525,4.6,0.023,46.9,47.578,0.18,0.719,3,"FZ","validation"
"15114",400,475,8.4,0.038,32.8,58.131,0.28,0.351,1,"FZ","validation"
"15115",400,375,3.3,0.044,33.4,60.892,1.41,0.954,1,"SA","validation"
"15116",400,325,1.3,0.035,15.2,77.346,5.4,0.719,2,"SM","validation"
"15117",400,275,8.3,0.012,18.8,71.362,1.2,0.326,1,"FZ","validation"
"15118",400,225,7.8,0.01,29.9,61.314,0.73,0.246,3,"FZ","validation"
"15119",375,700,0.8,0.02,8.6,81.37,8.12,1.09,1,"SM","validation"
"15120",375,650,11.5,0.029,35.7,52.35,0.18,0.241,1,"FZ","validation"
"15121",375,600,7.2,0.107,43.5,48.603,0.18,0.41,2,"FZ","validation"
"15122",375,500,5.5,0.021,45.5,48.31,0.16,0.509,1,"FZ","validation"
"15123",375,450,2.6,0.044,43.5,52.438,0.57,0.848,1,"SM","validation"
"15124",375,400,7.6,0.017,41,50.742,0.19,0.451,1,"FZ","validation"
"15125",375,350,4.99,0.03,33.72,60.26,0.57,0.43,0,"SA","validation"
"15126",375,250,12.4,0.009,22.4,64.638,0.3,0.253,1,"SA","validation"
"15127",375,200,9.85,0.017,29.82,58.916,1.18,0.217,0,"FZ","validation"
"15128",350,725,0.5,0.017,7.2,76.105,15.5,0.678,2,"SM","validation"
"15129",350,675,4.5,0.061,35.7,58.079,0.59,1.07,3,"SM","validation"
"15130",350,625,6.6,0.349,37.8,52.711,1.04,1.5,2,"FZ","validation"
"15131",350,575,4.6,0.803,19.2,71.487,1.79,2.12,1,"SM","validation"
"15132",350,525,9,0.299,34.2,55.671,0.27,0.56,2,"FZ","validation"
"15133",350,475,2.3,0.062,17.4,77.388,1.21,1.64,1,"SA","validation"
"15134",350,425,3.1,0.063,19.8,73.967,1.65,1.42,2,"SM","validation"
"15135",350,375,6.7,0.023,46.5,46.054,0.25,0.473,1,"FZ","validation"
"15136",350,325,4.4,0.022,27.2,66.866,0.98,0.532,1,"SM","validation"
"15137",350,275,5.7,0.023,26.7,65.5,1.32,0.757,1,"FZ","validation"
"15138",350,225,10.8,0.03,29.1,59.625,0.17,0.275,1,"FZ","validation"
"15139",350,175,10.5,0.03,37.6,51.276,0.2,0.394,1,"FZ","validation"
"15140",325,750,1.2,0.035,8.8,78.437,10.8,0.728,1,"SM","validation"
"15141",325,700,1,0.051,14.7,73.299,9.5,1.45,1,"SM","validation"
"15142",325,650,4.9,0.054,30.7,61.756,1.13,1.46,2,"FZ","validation"
"15143",325,550,2.8,0.062,12.8,74.198,8.77,1.37,2,"SM","validation"
"15144",325,450,2.3,0.212,21,70.758,3.55,2.18,1,"SA","validation"
"15145",325,400,2.4,0.141,18.3,68.744,9.54,0.875,2,"SM","validation"
"15146",325,200,10.5,0.068,26.2,62.814,0.08,0.338,1,"FZ","validation"
"15147",325,150,7.7,0.032,34.7,56.881,0.14,0.547,1,"FZ","validation"
"15148",300,725,0.6,0.051,14.1,67.389,16.3,1.56,1,"SM","validation"
"15149",300,675,4.9,0.057,45.9,48.209,0.14,0.794,1,"FZ","validation"
"15150",300,625,7,0.05,39.1,52.761,0.4,0.689,1,"FZ","validation"
"15151",300,575,6.8,0.067,45.2,46.909,0.24,0.784,2,"FZ","validation"
"15152",300,525,3.2,0.322,26.3,64.108,3.72,2.35,1,"SM","validation"
"15153",300,475,1.1,0.042,10.4,70.364,17.3,0.794,1,"SM","validation"
"15154",300,425,2.14,0.058,18.97,70.452,6.83,1.55,0,"SA","validation"
"15155",300,375,4.3,0.027,25.7,68.081,1.2,0.692,1,"FZ","validation"
"15156",300,325,6.6,0.009,13.1,78.156,1.85,0.285,1,"SA","validation"
"15157",300,225,12.5,0.007,26.4,60.72,0.25,0.123,1,"FZ","validation"
"15158",300,175,7.4,0.025,34.5,57.627,0.11,0.338,1,"FZ","validation"
"15159",275,750,0.5,0.023,7.5,72.966,18.1,0.911,3,"SM","validation"
"15160",275,700,2.9,0.135,29.9,63.985,1.4,1.68,1,"SA","validation"
"15161",275,600,5.2,0.036,31.7,61.144,0.74,1.18,1,"SA","validation"
"15162",275,500,7.3,0.04,34.2,57.281,0.36,0.819,2,"FZ","validation"
"15163",275,450,8.7,0.034,36.6,53.917,0.27,0.479,2,"FZ","validation"
"15164",275,400,6.1,0.04,18.9,71.63,1.99,1.34,1,"SM","validation"
"15165",275,350,2.3,0.217,15.6,72.443,8.15,1.29,1,"SM","validation"
"15166",275,250,12.3,0.006,32.9,54.624,0.1,0.07,3,"FZ","validation"
"15167",275,200,5.9,0.024,31.7,62.074,0.08,0.222,1,"FZ","validation"
"15168",275,100,2.6,0.02,9.5,82.781,4.68,0.419,3,"UM","validation"
"15169",250,725,2.3,1.1,25.7,66.19,1.73,2.98,1,"SA","validation"
"15170",250,625,1.5,0.037,10.7,68.293,18.7,0.77,1,"SM","validation"
"15171",250,575,2.3,0.062,25.5,63.898,6.92,1.32,1,"SM","validation"
"15172",250,525,1.1,0.053,17.4,67.217,13,1.23,1,"SM","validation"
"15173",250,475,7.9,0.044,40.7,50.838,0.16,0.358,2,"FZ","validation"
"15174",250,425,2.5,0.182,21.4,69.788,3.75,2.38,1,"SM","validation"
"15175",250,375,2.4,0.026,23.6,70.694,1.91,1.37,1,"SA","validation"
"15176",250,325,1.6,0.03,10.9,72.485,14.4,0.585,1,"SM","validation"
"15177",250,275,9.9,0.013,28.7,61.033,0.16,0.194,1,"FZ","validation"
"15178",250,225,9.5,0.104,38.3,51.706,0.11,0.28,1,"FZ","validation"
"15179",250,75,5.7,0.005,11.9,78.734,3.59,0.071,1,"FZ","validation"
"15180",225,750,1.7,0.01,9.3,75.48,13.1,0.41,3,"FZ","validation"
"15181",225,700,6.1,0.044,44.3,48.767,0.21,0.579,2,"FZ","validation"
"15182",225,650,1.6,0.063,20.7,65.307,10.9,1.43,1,"SA","validation"
"15183",225,600,2,0.022,10.9,69.828,16.6,0.65,3,"UM","validation"
"15184",225,550,1.7,0.024,12.6,68.228,16.8,0.648,1,"SM","validation"
"15185",225,500,3.7,0.381,45.1,49.159,0.23,1.43,1,"FZ","validation"
"15186",225,450,10.9,0.182,36.7,51.715,0.13,0.373,1,"FZ","validation"
"15187",225,400,1,0.051,12,77.298,8.78,0.871,1,"SA","validation"
"15188",225,350,2.55,0.093,26.12,68.677,1.4,1.16,0,"FZ","validation"
"15189",225,300,7.2,0.009,28.1,64.447,0.12,0.124,1,"FZ","validation"
"15190",225,250,6.8,0.033,29.3,63.415,0.18,0.272,1,"FZ","validation"
"15191",225,200,8.1,0.011,29.3,62.4,0.08,0.109,1,"FZ","validation"
"15192",225,150,2.2,0.019,10.5,71.31,15.7,0.271,3,"UM","validation"
"15193",200,675,5.4,0.054,45,48.559,0.48,0.507,1,"FZ","validation"
"15194",200,625,1.5,0.039,25.6,66.241,5.05,1.57,1,"SA","validation"
"15195",200,575,2.9,0.02,14.1,73.484,8.93,0.566,3,"UM","validation"
"15196",200,525,3.4,0.191,24.8,67.209,2.73,1.67,1,"SA","validation"
"15197",200,425,7.7,0.043,33,58.833,0.17,0.254,1,"FZ","validation"
"15198",200,375,5.8,0.022,42,51.434,0.31,0.434,2,"FZ","validation"
"15199",200,325,6.9,0.023,38.9,53.559,0.39,0.228,2,"FZ","validation"
"15200",200,275,8.4,0.047,34.4,56.592,0.18,0.381,1,"FZ","validation"
"15201",200,175,2.9,0.105,20.5,70.815,4.51,1.17,1,"SM","validation"
"15202",175,750,3.6,0.026,16,70.374,8.59,1.41,1,"SM","validation"
"15203",175,700,2.2,0.403,33.5,59.337,2.07,2.49,1,"SM","validation"
"15204",175,650,4.4,0.233,42.4,51.737,0.34,0.89,1,"FZ","validation"
"15205",175,600,1.4,0.036,11.4,69.754,16.2,1.21,1,"SM","validation"
"15206",175,550,1.9,0.027,13.5,75.074,9.1,0.399,1,"SM","validation"
"15207",175,500,7.2,0.016,37.4,54.935,0.13,0.319,2,"FZ","validation"
"15208",175,450,8.5,0.013,33.3,57.723,0.28,0.184,1,"FZ","validation"
"15209",175,400,8.5,0.044,40,50.939,0.15,0.367,1,"FZ","validation"
"15210",175,350,2,0.02,11.7,74.892,11,0.388,1,"SM","validation"
"15211",175,300,5.9,0.031,35.3,58.183,0.27,0.316,1,"FZ","validation"
"15212",175,250,4.7,0.096,23.3,67.834,3,1.07,1,"SA","validation"
"15213",175,200,6.6,0.245,33.6,57.857,0.74,0.958,1,"FZ","validation"
"15214",175,150,2.5,0.031,18.3,66.809,11.3,1.06,1,"SM","validation"
"15215",150,725,0.9,0.044,15.2,66.836,15.6,1.42,1,"SM","validation"
"15216",150,625,2.6,0.283,55.7,40.258,0.29,0.869,2,"FZ","validation"
"15217",150,575,2.3,0.322,27.5,66.358,1.88,1.64,1,"SA","validation"
"15218",150,525,5,0.04,12.4,72.877,8.79,0.893,2,"SM","validation"
"15219",150,475,7,0.035,39.6,52.784,0.14,0.441,1,"FZ","validation"
"15220",150,425,8.6,0.005,21.4,68.921,0.99,0.084,1,"FZ","validation"
"15221",150,225,6.7,0.005,9,79.626,4.61,0.059,1,"SM","validation"
"15222",150,125,1.3,0.021,10.2,68.868,19,0.611,1,"SM","validation"
"15223",125,750,1.9,0.02,10.7,68.19,18.3,0.89,2,"SM","validation"
"15224",125,700,3.1,0.126,47.9,47.034,0.48,1.36,1,"FZ","validation"
"15225",125,650,4.5,0.184,52.2,42.088,0.29,0.738,2,"FZ","validation"
"15226",125,600,1.1,0.021,10.1,71.657,16.3,0.822,3,"SM","validation"
"15227",125,550,1.3,0.021,8.4,76.274,13.7,0.305,1,"SM","validation"
"15228",125,500,1.8,0.012,11.4,75.184,11.2,0.404,1,"SM","validation"
"15229",125,450,5.4,0.03,32.1,61.062,0.56,0.848,1,"SA","validation"
"15230",125,250,10.3,0.002,6.3,82.422,0.92,0.056,1,"SM","validation"
"15231",125,200,7.6,0.015,9.7,76.237,6.1,0.348,1,"SM","validation"
"15232",125,150,2.2,0.102,18.9,66.738,10.9,1.16,1,"SM","validation"
"15233",125,100,4.1,0.202,23,68.208,2.95,1.54,1,"SM","validation"
"15234",125,50,1.2,0.014,7.3,77.075,14.1,0.311,1,"SM","validation"
"15235",100,675,1.4,0.056,15,70.414,11.9,1.23,1,"SM","validation"
"15236",100,625,4.4,0.158,51,43.527,0.24,0.675,1,"FZ","validation"
"15237",100,575,1.4,0.025,11.8,72.043,14.1,0.632,2,"UM","validation"
"15238",100,175,5,0.016,6.4,79.185,9.14,0.259,2,"UM","validation"
"15239",100,75,2.93,0.025,9.83,74.868,11.66,0.687,0,"SM","validation"
"15240",100,25,5.42,0.022,25.2,67.469,1.59,0.299,3,"FZ","validation"
"15241",75,700,1,0.027,10,75.81,12.4,0.763,3,"UM","validation"
"15242",75,650,3.1,0.063,31,58.947,5.06,1.83,1,"FZ","validation"
"15243",75,150,6.5,0.023,39.5,53.646,0.1,0.231,1,"FZ","validation"
"15244",75,100,3.2,0.031,15.7,71.464,8.84,0.765,2,"SM","validation"
"15245",75,50,4.1,0.091,25.1,66.339,3.25,1.12,1,"SM","validation"
"15246",50,675,1,0.038,16.5,69.305,12.2,0.957,2,"SM","validation"
"15247",50,625,5.5,0.014,10.2,72.235,11.3,0.751,1,"UM","validation"
"15248",50,175,8.5,0.002,4,86.905,0.55,0.043,1,"SM","validation"
"15249",50,25,3.1,0.057,16.4,72.711,7.06,0.672,1,"FZ","validation"
"15250",25,700,0.9,0.02,9.1,74.357,14.8,0.823,1,"SM","validation"
"15251",25,150,1.58,0.013,10.5,76.374,11.33,0.203,0,"FZ","validation"
"15252",0,725,0.6,0.018,7.4,74.002,17.3,0.68,1,"SM","validation"
